Num episodes,Cumulative rewards
10,"[1.0, -2.0, -3.0, -1.0, -1.0, -1.0, -3.0, 9.0, -1.0, -1.0]"
20,"[-2.0, 11.0, -1.0, -2.0, -2.0, -2.0, -2.0, 0.0, -1.0, -2.0]"
30,"[11.0, -1.0, 0.0, 20.0, -1.0, -3.0, 1.0, 21.0, -2.0, -3.0]"
40,"[24.0, 8.0, -2.0, -1.0, -2.0, 14.0, -1.0, 13.0, 24.0, 2.0]"
50,"[-1.0, -1.0, 0.0, -1.0, -1.0, 17.0, 0.0, 1.0, 8.0, 32.0]"
60,"[-1.0, 8.0, 0.0, 8.0, 1.0, -2.0, 11.0, -1.0, -2.0, -1.0]"
70,"[2.0, -1.0, -1.0, -1.0, 1.0, -1.0, -2.0, -1.0, 9.0, -1.0]"
80,"[1.0, 12.0, 19.0, 20.0, -1.0, -1.0, -2.0, -2.0, -1.0, 0.0]"
90,"[9.0, 0.0, -2.0, 9.0, -1.0, -1.0, 7.0, 0.0, -1.0, 0.0]"
100,"[-2.0, -1.0, -2.0, -2.0, -1.0, -3.0, -2.0, 15.0, -1.0, 25.0]"
110,"[-2.0, 29.0, -1.0, 0.0, 30.0, 1.0, 17.0, 1.0, -3.0, -2.0]"
120,"[12.0, -1.0, 10.0, -2.0, 12.0, -1.0, -1.0, -1.0, -2.0, 0.0]"
130,"[-1.0, 1.0, -3.0, 9.0, 0.0, -2.0, 0.0, -3.0, -3.0, -2.0]"
140,"[-2.0, 18.0, -1.0, 1.0, -2.0, -2.0, -1.0, 1.0, -1.0, -3.0]"
150,"[16.0, 0.0, 16.0, -1.0, -3.0, -1.0, -1.0, -1.0, -2.0, -2.0]"
160,"[-2.0, -2.0, 0.0, -1.0, -1.0, -2.0, -1.0, -2.0, 18.0, -2.0]"
170,"[21.0, 0.0, -1.0, -1.0, -1.0, 12.0, -1.0, -2.0, -1.0, 0.0]"
180,"[-2.0, -1.0, -1.0, -1.0, -1.0, -1.0, -1.0, -3.0, -1.0, -1.0]"
190,"[-1.0, -1.0, 14.0, -3.0, -2.0, 13.0, 1.0, 15.0, 18.0, -3.0]"
200,"[-3.0, -2.0, 0.0, 0.0, 13.0, -2.0, 15.0, -2.0, -2.0, 0.0]"
210,"[3.0, 19.0, -3.0, 37.0, -1.0, -1.0, 5.0, -1.0, -1.0, 0.0]"
220,"[18.0, 19.0, -1.0, -1.0, 11.0, -1.0, -3.0, -2.0, -1.0, 0.0]"
230,"[50.0, 14.0, -1.0, -2.0, -3.0, 18.0, -1.0, -2.0, 0.0, 15.0]"
240,"[20.0, -1.0, -1.0, 34.0, -1.0, 21.0, 9.0, -1.0, -2.0, -2.0]"
250,"[12.0, -2.0, -2.0, -1.0, 5.0, 1.0, 11.0, 0.0, -3.0, 0.0]"
260,"[1.0, 24.0, -1.0, -1.0, -2.0, -2.0, 10.0, -2.0, -3.0, -2.0]"
270,"[8.0, -1.0, -1.0, 16.0, 6.0, -2.0, 5.0, 8.0, 14.0, -2.0]"
280,"[0.0, 6.0, -1.0, 13.0, -2.0, 15.0, -2.0, -2.0, 18.0, -1.0]"
290,"[-3.0, 11.0, 20.0, -1.0, 31.0, -3.0, -1.0, 0.0, 10.0, 11.0]"
300,"[10.0, -2.0, 16.0, 9.0, -1.0, -1.0, 12.0, 0.0, 15.0, -2.0]"
310,"[0.0, 5.0, -1.0, 16.0, -1.0, -1.0, -2.0, -1.0, -1.0, -1.0]"
320,"[5.0, -2.0, -1.0, 17.0, 24.0, 11.0, -1.0, -1.0, -2.0, -1.0]"
330,"[10.0, -2.0, -2.0, -2.0, -2.0, 17.0, -2.0, 0.0, -2.0, -1.0]"
340,"[-1.0, -1.0, -3.0, -2.0, -1.0, -2.0, -2.0, 0.0, -1.0, 0.0]"
350,"[-2.0, -3.0, -1.0, 1.0, 12.0, -1.0, -3.0, -2.0, -3.0, -3.0]"
360,"[10.0, -2.0, -2.0, -3.0, -2.0, -2.0, 0.0, -1.0, 0.0, -2.0]"
370,"[-1.0, 12.0, 13.0, 14.0, 0.0, -2.0, -1.0, 7.0, 0.0, 14.0]"
380,"[-2.0, 1.0, -2.0, 11.0, 15.0, -1.0, 1.0, 12.0, 9.0, 1.0]"
390,"[-2.0, 6.0, -1.0, 17.0, -1.0, -1.0, -1.0, 0.0, -2.0, -2.0]"
400,"[-2.0, 5.0, -2.0, -1.0, -2.0, -2.0, -1.0, -3.0, 20.0, -2.0]"
410,"[7.0, -1.0, 26.0, 8.0, 5.0, -1.0, 0.0, -1.0, 29.0, 1.0]"
420,"[15.0, 0.0, -3.0, 1.0, -1.0, -2.0, 5.0, -1.0, -2.0, -1.0]"
430,"[9.0, -1.0, 50.0, -2.0, 14.0, 12.0, -3.0, 0.0, 8.0, 17.0]"
440,"[12.0, -2.0, 2.0, 26.0, 0.0, 19.0, 7.0, -2.0, -1.0, 12.0]"
450,"[-1.0, -1.0, -1.0, -2.0, -1.0, 15.0, -2.0, 50.0, -2.0, -1.0]"
460,"[0.0, 0.0, -2.0, 23.0, 1.0, -3.0, -1.0, 8.0, -2.0, 11.0]"
470,"[-3.0, 2.0, 0.0, -1.0, 3.0, -2.0, 28.0, -2.0, -1.0, 28.0]"
480,"[23.0, 9.0, 11.0, 0.0, 22.0, -2.0, 9.0, 16.0, -2.0, 24.0]"
490,"[1.0, -2.0, 27.0, 13.0, 29.0, -2.0, -3.0, -2.0, 0.0, -1.0]"
500,"[24.0, -2.0, 0.0, -2.0, -1.0, -2.0, 0.0, -2.0, -2.0, -2.0]"
510,"[17.0, 0.0, 9.0, -1.0, -3.0, -2.0, 50.0, 8.0, 8.0, -1.0]"
520,"[2.0, -2.0, 12.0, -2.0, -1.0, -2.0, -3.0, 8.0, -3.0, -2.0]"
530,"[14.0, -1.0, 8.0, 5.0, -2.0, -2.0, -3.0, 36.0, 11.0, 3.0]"
540,"[-1.0, 10.0, 23.0, -2.0, 8.0, 17.0, 20.0, 15.0, 0.0, 14.0]"
550,"[25.0, -1.0, 8.0, 11.0, -1.0, -2.0, 17.0, 1.0, 50.0, 25.0]"
560,"[8.0, 15.0, 13.0, -2.0, 10.0, -2.0, 9.0, 0.0, -1.0, -2.0]"
570,"[0.0, -2.0, 29.0, 0.0, -3.0, 0.0, -2.0, 27.0, 5.0, 8.0]"
580,"[-1.0, 2.0, 18.0, 0.0, -1.0, -1.0, 3.0, 13.0, 8.0, 5.0]"
590,"[-2.0, 2.0, 3.0, -2.0, 38.0, -2.0, -2.0, -2.0, 11.0, 0.0]"
600,"[30.0, -2.0, -2.0, -1.0, 32.0, -1.0, 6.0, 28.0, -2.0, -1.0]"
610,"[15.0, -2.0, -1.0, 10.0, 22.0, -1.0, 3.0, -2.0, 2.0, 38.0]"
620,"[-2.0, 10.0, -2.0, 23.0, 13.0, 23.0, -2.0, -2.0, 13.0, -2.0]"
630,"[-2.0, 50.0, -2.0, 0.0, 25.0, 17.0, 0.0, -2.0, -2.0, 2.0]"
640,"[-3.0, -2.0, -2.0, 6.0, -2.0, -2.0, 0.0, -1.0, 17.0, -1.0]"
650,"[19.0, 27.0, 11.0, 17.0, 15.0, -2.0, 27.0, 24.0, -3.0, -1.0]"
660,"[-2.0, 11.0, 9.0, 0.0, 37.0, 0.0, 0.0, -2.0, 0.0, -2.0]"
670,"[16.0, 1.0, 16.0, -1.0, 11.0, 20.0, 27.0, 25.0, 0.0, 18.0]"
680,"[16.0, -2.0, 1.0, -2.0, -1.0, 30.0, 0.0, -3.0, 0.0, 11.0]"
690,"[-2.0, -3.0, -2.0, -2.0, 19.0, 6.0, 11.0, -1.0, 15.0, -2.0]"
700,"[12.0, 17.0, -1.0, -1.0, 0.0, 17.0, -1.0, -1.0, 5.0, -1.0]"
710,"[12.0, -1.0, 0.0, 11.0, -1.0, -2.0, 0.0, -3.0, -1.0, -1.0]"
720,"[8.0, 15.0, -1.0, -2.0, -3.0, -1.0, -1.0, 1.0, 1.0, -1.0]"
730,"[11.0, -1.0, 6.0, -2.0, 16.0, 1.0, -1.0, 13.0, -1.0, 6.0]"
740,"[13.0, 12.0, 0.0, -2.0, -1.0, -2.0, 9.0, 0.0, 1.0, -1.0]"
750,"[-2.0, 11.0, -3.0, 17.0, 18.0, 0.0, 0.0, -1.0, -1.0, 0.0]"
760,"[8.0, 1.0, -2.0, -1.0, -1.0, 50.0, -1.0, 13.0, -1.0, -1.0]"
770,"[-3.0, 8.0, -1.0, -2.0, 4.0, -2.0, -1.0, -1.0, -1.0, 11.0]"
780,"[-2.0, -2.0, -2.0, -1.0, -3.0, 0.0, 9.0, 4.0, -1.0, -2.0]"
790,"[14.0, 0.0, 23.0, 8.0, -1.0, -2.0, 22.0, 0.0, 1.0, -2.0]"
800,"[12.0, 36.0, 18.0, 35.0, -2.0, 15.0, -1.0, 6.0, 3.0, -3.0]"
810,"[-3.0, 13.0, 15.0, 9.0, -1.0, -1.0, 22.0, 15.0, -2.0, 8.0]"
820,"[21.0, 32.0, 17.0, -2.0, 8.0, 8.0, 13.0, 12.0, 13.0, 0.0]"
830,"[30.0, -2.0, 50.0, 25.0, 10.0, -1.0, -3.0, 13.0, 2.0, -2.0]"
840,"[20.0, 1.0, 6.0, 21.0, -2.0, 8.0, 24.0, 12.0, 14.0, 38.0]"
850,"[16.0, 8.0, 50.0, 2.0, 8.0, -1.0, 0.0, -1.0, -1.0, -1.0]"
860,"[-1.0, -1.0, -2.0, 8.0, 16.0, 15.0, 0.0, 13.0, -1.0, -1.0]"
870,"[2.0, 9.0, -2.0, 24.0, 18.0, 14.0, 0.0, 50.0, -3.0, -1.0]"
880,"[3.0, 19.0, 37.0, -2.0, -1.0, 25.0, -1.0, 32.0, -2.0, -1.0]"
890,"[50.0, 21.0, 13.0, 2.0, -2.0, 17.0, 23.0, 0.0, 6.0, 10.0]"
900,"[13.0, 0.0, -2.0, 5.0, 25.0, -1.0, 31.0, -2.0, 35.0, 2.0]"
910,"[0.0, -2.0, 30.0, 50.0, 25.0, -2.0, 23.0, 17.0, 11.0, -2.0]"
920,"[-2.0, 17.0, 1.0, -2.0, -1.0, 22.0, 25.0, -2.0, -2.0, -3.0]"
930,"[13.0, -3.0, 14.0, 31.0, -1.0, 21.0, 17.0, -1.0, -1.0, 9.0]"
940,"[13.0, -1.0, 18.0, 50.0, 7.0, 50.0, 0.0, 10.0, 24.0, 25.0]"
950,"[-3.0, 15.0, -1.0, 9.0, 0.0, 0.0, 23.0, -1.0, -1.0, 16.0]"
960,"[15.0, 8.0, 50.0, -2.0, -2.0, 8.0, 17.0, 14.0, 24.0, 21.0]"
970,"[1.0, -2.0, 17.0, 11.0, -1.0, 21.0, -2.0, 14.0, 19.0, 11.0]"
980,"[-1.0, -1.0, -2.0, 15.0, 8.0, 36.0, 9.0, 18.0, 17.0, -2.0]"
990,"[24.0, -3.0, 2.0, 23.0, -1.0, 12.0, 14.0, 15.0, 16.0, -2.0]"
1000,"[22.0, 9.0, -2.0, -2.0, 50.0, 22.0, 15.0, 8.0, 12.0, -2.0]"
1010,"[8.0, 14.0, -2.0, 4.0, -2.0, 10.0, 50.0, -2.0, 32.0, 2.0]"
1020,"[1.0, 8.0, 16.0, 37.0, -2.0, 1.0, -1.0, 12.0, -2.0, 18.0]"
1030,"[14.0, 25.0, -1.0, -1.0, -1.0, -1.0, 14.0, 29.0, 1.0, 18.0]"
1040,"[-2.0, 1.0, -1.0, 10.0, -2.0, -1.0, -1.0, 50.0, -1.0, -1.0]"
1050,"[1.0, 30.0, -2.0, 0.0, 12.0, -1.0, 0.0, -1.0, -2.0, -2.0]"
1060,"[2.0, -2.0, 2.0, 0.0, 0.0, 4.0, -1.0, 1.0, -1.0, -2.0]"
1070,"[50.0, -1.0, 17.0, -2.0, -2.0, 21.0, -1.0, 0.0, -3.0, -2.0]"
1080,"[2.0, 13.0, -1.0, 9.0, -1.0, 0.0, -1.0, -3.0, -1.0, 30.0]"
1090,"[-3.0, 34.0, 14.0, 8.0, -3.0, 18.0, -2.0, 1.0, 17.0, 15.0]"
1100,"[20.0, -1.0, -1.0, -1.0, -2.0, -3.0, 0.0, -2.0, -1.0, -1.0]"
1110,"[-1.0, -3.0, -1.0, -2.0, -3.0, -2.0, -1.0, -1.0, 0.0, 12.0]"
1120,"[19.0, 9.0, -2.0, -1.0, 18.0, 6.0, -2.0, -2.0, -1.0, -3.0]"
1130,"[-1.0, -1.0, 8.0, -1.0, 0.0, -1.0, 1.0, -2.0, -2.0, -3.0]"
1140,"[-2.0, -1.0, 28.0, -2.0, -2.0, -2.0, 8.0, -2.0, -1.0, -2.0]"
1150,"[15.0, -3.0, 2.0, -2.0, -2.0, -1.0, -1.0, -1.0, 3.0, 16.0]"
1160,"[-1.0, 12.0, -1.0, 39.0, -1.0, 20.0, -2.0, -1.0, -2.0, 27.0]"
1170,"[-3.0, 10.0, -2.0, -3.0, -1.0, -2.0, -2.0, 5.0, -1.0, -2.0]"
1180,"[-2.0, -1.0, -3.0, 9.0, 0.0, -2.0, -2.0, 11.0, -2.0, 2.0]"
1190,"[17.0, -2.0, -1.0, 1.0, 16.0, 7.0, -2.0, -2.0, -2.0, -2.0]"
1200,"[-3.0, -2.0, 0.0, -2.0, -1.0, -2.0, -1.0, 19.0, -3.0, -2.0]"
1210,"[12.0, 5.0, 5.0, -1.0, 38.0, -3.0, 22.0, 0.0, 1.0, 17.0]"
1220,"[10.0, 8.0, 0.0, 11.0, 7.0, 8.0, 27.0, 11.0, 10.0, 19.0]"
1230,"[-1.0, 10.0, -1.0, 50.0, 22.0, 17.0, 50.0, 12.0, 13.0, 4.0]"
1240,"[8.0, 23.0, 22.0, 1.0, -2.0, 12.0, -3.0, 32.0, 19.0, 1.0]"
1250,"[27.0, 50.0, -2.0, 21.0, 11.0, 13.0, 32.0, 11.0, 29.0, 2.0]"
1260,"[12.0, 0.0, 16.0, 14.0, -1.0, -1.0, 50.0, 15.0, 50.0, 22.0]"
1270,"[23.0, 16.0, -1.0, 28.0, 21.0, 19.0, 10.0, 17.0, 17.0, -1.0]"
1280,"[11.0, 34.0, -1.0, 32.0, 35.0, 6.0, 19.0, 34.0, -1.0, 10.0]"
1290,"[-1.0, 50.0, 50.0, -2.0, -1.0, 2.0, 15.0, -1.0, 23.0, -2.0]"
1300,"[-2.0, 28.0, 50.0, 6.0, -1.0, 10.0, 6.0, 26.0, 50.0, 39.0]"
1310,"[50.0, 13.0, 7.0, 50.0, 22.0, 8.0, 0.0, 19.0, 0.0, 26.0]"
1320,"[12.0, 30.0, 50.0, 8.0, -1.0, 27.0, 16.0, 37.0, -2.0, 0.0]"
1330,"[31.0, 18.0, -2.0, 50.0, 0.0, 21.0, -1.0, -2.0, 24.0, 10.0]"
1340,"[-1.0, 50.0, -3.0, -1.0, 0.0, -1.0, 18.0, -2.0, 10.0, 17.0]"
1350,"[8.0, 21.0, 0.0, 50.0, 11.0, 9.0, 26.0, 7.0, 10.0, 1.0]"
1360,"[22.0, 27.0, 50.0, -3.0, 22.0, 50.0, 25.0, 15.0, 17.0, 10.0]"
1370,"[50.0, 1.0, 39.0, -1.0, -1.0, 29.0, 29.0, 19.0, 20.0, 8.0]"
1380,"[50.0, 50.0, 50.0, 0.0, 11.0, 24.0, 50.0, 13.0, 0.0, 27.0]"
1390,"[16.0, 10.0, 1.0, 19.0, 10.0, 11.0, 0.0, 19.0, 18.0, 23.0]"
1400,"[34.0, -2.0, 12.0, 7.0, 0.0, 18.0, 10.0, 23.0, 50.0, 31.0]"
1410,"[20.0, 19.0, 0.0, 17.0, 50.0, 1.0, 20.0, 16.0, 50.0, 27.0]"
1420,"[-1.0, 38.0, 50.0, -1.0, 10.0, 32.0, -2.0, 11.0, 18.0, -1.0]"
1430,"[23.0, -1.0, 8.0, 10.0, -3.0, 28.0, 0.0, 12.0, -2.0, 26.0]"
1440,"[35.0, 50.0, 9.0, 12.0, 15.0, -1.0, 1.0, -2.0, -2.0, 14.0]"
1450,"[17.0, 25.0, 5.0, 11.0, 11.0, 29.0, 0.0, -1.0, 14.0, 15.0]"
1460,"[18.0, 17.0, -2.0, 50.0, 26.0, 22.0, 18.0, -1.0, -1.0, 19.0]"
1470,"[13.0, 36.0, 15.0, 14.0, 14.0, 36.0, -1.0, 8.0, 14.0, 9.0]"
1480,"[11.0, 22.0, -1.0, 33.0, 15.0, 25.0, 22.0, 19.0, 18.0, 23.0]"
1490,"[17.0, 35.0, 18.0, 9.0, -2.0, 36.0, 11.0, 22.0, 8.0, 16.0]"
1500,"[26.0, 50.0, -3.0, 10.0, 13.0, 28.0, 14.0, 7.0, 10.0, 15.0]"
1510,"[15.0, 24.0, 50.0, 18.0, -1.0, 1.0, 5.0, 50.0, -1.0, -2.0]"
1520,"[50.0, 9.0, 16.0, 10.0, 50.0, 13.0, 0.0, 50.0, 50.0, 1.0]"
1530,"[21.0, 50.0, 21.0, 6.0, 50.0, 12.0, -2.0, 10.0, -1.0, 5.0]"
1540,"[18.0, 11.0, 20.0, -1.0, -1.0, -2.0, 36.0, 22.0, 24.0, 22.0]"
1550,"[-1.0, 20.0, 50.0, -1.0, 17.0, 50.0, 22.0, 16.0, -1.0, 28.0]"
1560,"[14.0, 50.0, -1.0, 26.0, 29.0, 16.0, -2.0, 21.0, 19.0, -1.0]"
1570,"[23.0, -1.0, -1.0, 17.0, 8.0, 11.0, 24.0, -2.0, -2.0, 23.0]"
1580,"[-2.0, 13.0, 23.0, -2.0, 26.0, 13.0, 24.0, 30.0, 0.0, 12.0]"
1590,"[10.0, -1.0, -1.0, 37.0, 28.0, 16.0, 22.0, 29.0, 38.0, 11.0]"
1600,"[36.0, 50.0, 20.0, 3.0, -1.0, 0.0, 2.0, -2.0, 50.0, 5.0]"
1610,"[0.0, 0.0, -2.0, 3.0, -1.0, -2.0, 0.0, -1.0, 2.0, 15.0]"
1620,"[4.0, -2.0, -2.0, -2.0, 7.0, 1.0, -2.0, 2.0, 3.0, 17.0]"
1630,"[15.0, 15.0, 2.0, -1.0, 28.0, 35.0, 9.0, 3.0, 0.0, -1.0]"
1640,"[2.0, -1.0, -1.0, -1.0, 0.0, 7.0, 1.0, 50.0, 0.0, -1.0]"
1650,"[29.0, 0.0, -2.0, -1.0, -1.0, 26.0, 5.0, -1.0, 50.0, 19.0]"
1660,"[-3.0, 17.0, 14.0, 33.0, 10.0, 24.0, 50.0, 10.0, 27.0, -2.0]"
1670,"[19.0, -2.0, 3.0, 16.0, 1.0, -1.0, 2.0, 0.0, 13.0, 0.0]"
1680,"[-1.0, 23.0, 2.0, 0.0, 1.0, 12.0, -2.0, -3.0, 8.0, 50.0]"
1690,"[-2.0, 3.0, 18.0, 19.0, 0.0, 13.0, 11.0, 18.0, 27.0, 1.0]"
1700,"[-2.0, -3.0, -2.0, 8.0, -1.0, -2.0, 0.0, 0.0, -1.0, -1.0]"
1710,"[17.0, 15.0, -2.0, 19.0, 5.0, 17.0, -1.0, 8.0, -2.0, -1.0]"
1720,"[-3.0, -2.0, 1.0, -1.0, 0.0, -1.0, -3.0, -1.0, -3.0, -1.0]"
1730,"[-1.0, -1.0, -1.0, 10.0, 16.0, -1.0, 4.0, -2.0, -3.0, -2.0]"
1740,"[-1.0, -2.0, -1.0, -1.0, 0.0, 21.0, -1.0, 18.0, 8.0, -3.0]"
1750,"[-1.0, -1.0, -1.0, -2.0, -3.0, -1.0, -3.0, -1.0, -2.0, -3.0]"
1760,"[0.0, 0.0, -2.0, -1.0, -2.0, -1.0, 3.0, -1.0, 19.0, -3.0]"
1770,"[-1.0, 0.0, 0.0, -1.0, 11.0, -2.0, -1.0, -1.0, 22.0, -1.0]"
1780,"[-1.0, -1.0, -2.0, 26.0, 9.0, -2.0, -2.0, -1.0, 5.0, -1.0]"
1790,"[-3.0, -1.0, -1.0, 8.0, -1.0, -2.0, 10.0, -2.0, -2.0, -1.0]"
1800,"[-2.0, -2.0, 18.0, 0.0, 0.0, -2.0, -1.0, 4.0, -1.0, -2.0]"
1810,"[18.0, -2.0, 19.0, 13.0, 22.0, -2.0, 16.0, 15.0, 0.0, 50.0]"
1820,"[35.0, 28.0, 17.0, 31.0, 16.0, 35.0, 8.0, 28.0, 22.0, 12.0]"
1830,"[17.0, 17.0, 15.0, 50.0, 16.0, 8.0, 12.0, 12.0, 50.0, 11.0]"
1840,"[5.0, 10.0, 31.0, 11.0, 12.0, 23.0, -1.0, 21.0, 24.0, 28.0]"
1850,"[6.0, 15.0, 26.0, 17.0, 21.0, 22.0, 17.0, -1.0, 50.0, -2.0]"
1860,"[50.0, 26.0, 20.0, 29.0, 34.0, 14.0, 22.0, 16.0, 9.0, 50.0]"
1870,"[50.0, 6.0, 34.0, 50.0, 16.0, 6.0, 8.0, 50.0, 31.0, 14.0]"
1880,"[7.0, 13.0, 14.0, 16.0, 7.0, -1.0, -1.0, 38.0, 13.0, 10.0]"
1890,"[25.0, 19.0, 0.0, 10.0, 4.0, 7.0, 18.0, -2.0, 50.0, 21.0]"
1900,"[31.0, 50.0, 12.0, 21.0, -2.0, 19.0, 50.0, -2.0, -2.0, 50.0]"
1910,"[9.0, -2.0, -3.0, 50.0, 0.0, 50.0, 50.0, 50.0, -1.0, -1.0]"
1920,"[0.0, 31.0, 28.0, 16.0, -3.0, 50.0, -2.0, 50.0, 50.0, 15.0]"
1930,"[20.0, 13.0, 0.0, 0.0, 25.0, 50.0, 15.0, -3.0, 18.0, 26.0]"
1940,"[50.0, 50.0, 19.0, -2.0, -2.0, 34.0, 9.0, 35.0, 23.0, 17.0]"
1950,"[13.0, 50.0, 24.0, 30.0, -1.0, 12.0, 21.0, 29.0, 21.0, -1.0]"
1960,"[13.0, 10.0, 14.0, 1.0, 17.0, 21.0, 0.0, -2.0, 22.0, 12.0]"
1970,"[-1.0, 17.0, 0.0, 50.0, 50.0, 35.0, 24.0, 0.0, 12.0, 0.0]"
1980,"[21.0, 29.0, 18.0, 27.0, 17.0, 50.0, 15.0, 26.0, 33.0, 9.0]"
1990,"[0.0, -1.0, 2.0, 16.0, 14.0, 11.0, 11.0, 13.0, 17.0, 50.0]"
2000,"[38.0, 14.0, 19.0, 50.0, 0.0, 0.0, 29.0, 50.0, 35.0, 1.0]"
2010,"[-2.0, -1.0, -2.0, 17.0, 16.0, 15.0, 28.0, -3.0, -2.0, -1.0]"
2020,"[-1.0, -1.0, -3.0, -1.0, 15.0, 3.0, 5.0, 3.0, 8.0, 2.0]"
2030,"[-1.0, 0.0, 33.0, 16.0, 1.0, 24.0, 1.0, 0.0, 20.0, 13.0]"
2040,"[15.0, 50.0, 11.0, 28.0, 12.0, 50.0, 22.0, 35.0, 50.0, 32.0]"
2050,"[22.0, 9.0, -1.0, 3.0, 12.0, 26.0, 8.0, 8.0, -2.0, -2.0]"
2060,"[50.0, 50.0, 10.0, 50.0, -2.0, 18.0, 15.0, -1.0, 2.0, -2.0]"
2070,"[14.0, 25.0, 16.0, -3.0, 39.0, -2.0, 11.0, 16.0, 11.0, 50.0]"
2080,"[20.0, 32.0, 23.0, 12.0, 17.0, 29.0, 27.0, 32.0, -2.0, 14.0]"
2090,"[13.0, -2.0, 7.0, 1.0, 10.0, 23.0, 50.0, 11.0, 30.0, -1.0]"
2100,"[-1.0, 36.0, 12.0, 15.0, 26.0, 50.0, 50.0, 18.0, 14.0, -1.0]"
2110,"[50.0, 11.0, -1.0, 9.0, 50.0, -1.0, 21.0, 50.0, 16.0, -1.0]"
2120,"[50.0, 23.0, 18.0, 8.0, 0.0, 13.0, -1.0, 27.0, 4.0, 7.0]"
2130,"[18.0, -1.0, 35.0, 50.0, 27.0, 8.0, 9.0, 50.0, 50.0, 14.0]"
2140,"[-3.0, 28.0, 38.0, 50.0, 29.0, 16.0, 50.0, 11.0, 17.0, 31.0]"
2150,"[7.0, 3.0, 8.0, 29.0, 27.0, 50.0, 11.0, 50.0, -1.0, 50.0]"
2160,"[10.0, 0.0, 0.0, 2.0, 31.0, 7.0, 0.0, -1.0, -2.0, 50.0]"
2170,"[33.0, 8.0, 50.0, 30.0, 0.0, 6.0, 31.0, 35.0, 11.0, 50.0]"
2180,"[50.0, -2.0, 50.0, 50.0, 50.0, 50.0, 50.0, 28.0, 50.0, 11.0]"
2190,"[14.0, 8.0, 17.0, 50.0, -1.0, 29.0, 22.0, -3.0, 50.0, 17.0]"
2200,"[30.0, 50.0, 50.0, 28.0, 50.0, 7.0, 34.0, -1.0, 50.0, 50.0]"
2210,"[-1.0, -2.0, 10.0, 16.0, 15.0, -2.0, 0.0, 8.0, 14.0, -1.0]"
2220,"[17.0, 0.0, 7.0, 0.0, 12.0, 17.0, -1.0, -2.0, 30.0, 27.0]"
2230,"[-1.0, -1.0, 0.0, 11.0, 7.0, -2.0, 2.0, 50.0, 0.0, -2.0]"
2240,"[-1.0, -2.0, 0.0, -1.0, 16.0, 0.0, 12.0, -3.0, 13.0, 9.0]"
2250,"[-1.0, 8.0, 1.0, 15.0, 8.0, 0.0, -2.0, 1.0, 14.0, 0.0]"
2260,"[-2.0, -1.0, 9.0, 0.0, -2.0, 2.0, 10.0, 14.0, 14.0, 16.0]"
2270,"[0.0, -1.0, 10.0, 0.0, 15.0, 4.0, -3.0, 1.0, 13.0, -1.0]"
2280,"[-1.0, -1.0, -2.0, 24.0, 15.0, -2.0, 8.0, -2.0, -1.0, 20.0]"
2290,"[-2.0, 0.0, -1.0, 10.0, 3.0, 0.0, 11.0, 8.0, 1.0, 0.0]"
2300,"[-3.0, 9.0, 17.0, -1.0, 0.0, 1.0, 2.0, 26.0, 15.0, 12.0]"
2310,"[2.0, 1.0, 0.0, 9.0, 0.0, -2.0, -2.0, 13.0, -1.0, -1.0]"
2320,"[23.0, -1.0, 0.0, 0.0, 18.0, -1.0, -2.0, 0.0, 18.0, -1.0]"
2330,"[9.0, -2.0, -1.0, -2.0, -1.0, -2.0, -1.0, 3.0, 0.0, 17.0]"
2340,"[-1.0, 0.0, 9.0, 15.0, 10.0, -1.0, 12.0, 2.0, 0.0, -1.0]"
2350,"[-1.0, 12.0, 10.0, 2.0, 0.0, -1.0, -1.0, -1.0, -1.0, 0.0]"
2360,"[0.0, 24.0, -2.0, 1.0, 20.0, 13.0, 15.0, 13.0, 4.0, 3.0]"
2370,"[0.0, 18.0, 0.0, 25.0, 1.0, 6.0, 1.0, -1.0, 0.0, 16.0]"
2380,"[0.0, 2.0, 0.0, 18.0, 6.0, -1.0, -2.0, -2.0, 1.0, 12.0]"
2390,"[-2.0, -1.0, 24.0, 10.0, 15.0, 11.0, -2.0, -1.0, 27.0, 0.0]"
2400,"[15.0, 11.0, 11.0, 20.0, 35.0, 0.0, 0.0, 21.0, 15.0, -2.0]"
2410,"[9.0, 5.0, 17.0, 11.0, 17.0, 10.0, -1.0, -2.0, 3.0, 8.0]"
2420,"[-1.0, -2.0, 5.0, 21.0, 28.0, 50.0, 0.0, 34.0, 36.0, -3.0]"
2430,"[6.0, 16.0, 29.0, -1.0, -1.0, -1.0, -1.0, 11.0, -1.0, 5.0]"
2440,"[16.0, 17.0, 5.0, 12.0, -1.0, -2.0, -1.0, -1.0, 35.0, 18.0]"
2450,"[29.0, -1.0, 8.0, 16.0, -1.0, 8.0, 5.0, -1.0, 20.0, 12.0]"
2460,"[-2.0, -2.0, -2.0, -2.0, 11.0, -3.0, -2.0, -1.0, -1.0, 3.0]"
2470,"[17.0, -1.0, -1.0, 11.0, 8.0, -1.0, 12.0, -1.0, -2.0, 0.0]"
2480,"[-1.0, -3.0, 11.0, -2.0, -1.0, -1.0, -1.0, -1.0, 8.0, 25.0]"
2490,"[1.0, -1.0, -1.0, -1.0, -1.0, -1.0, -1.0, -2.0, -1.0, -1.0]"
2500,"[-1.0, 0.0, 0.0, -1.0, 11.0, -3.0, 5.0, -1.0, -1.0, 8.0]"
2510,"[-2.0, -1.0, 0.0, -2.0, 15.0, -1.0, 11.0, 6.0, -2.0, 14.0]"
2520,"[20.0, -3.0, -1.0, 8.0, -2.0, -1.0, 11.0, -1.0, 5.0, -1.0]"
2530,"[18.0, 3.0, -2.0, -2.0, 7.0, -1.0, 0.0, -1.0, -2.0, 1.0]"
2540,"[-2.0, 1.0, -1.0, 22.0, 8.0, -1.0, 8.0, -2.0, -1.0, 0.0]"
2550,"[11.0, -2.0, 13.0, -2.0, 16.0, -1.0, 2.0, -1.0, -1.0, -1.0]"
2560,"[-3.0, 16.0, 14.0, 18.0, -1.0, 9.0, 0.0, -1.0, -3.0, 3.0]"
2570,"[-1.0, -3.0, 7.0, -3.0, 0.0, 0.0, -1.0, 12.0, 14.0, 0.0]"
2580,"[-1.0, 0.0, 12.0, -2.0, 11.0, 3.0, -1.0, 0.0, -2.0, 12.0]"
2590,"[-3.0, 16.0, -1.0, -1.0, -1.0, 3.0, -3.0, 1.0, -1.0, 12.0]"
2600,"[-2.0, 8.0, 8.0, 0.0, 14.0, 6.0, -1.0, -1.0, -1.0, 3.0]"
2610,"[14.0, -2.0, -1.0, 6.0, 0.0, -3.0, -3.0, -1.0, 12.0, -1.0]"
2620,"[3.0, 1.0, 8.0, -1.0, 9.0, -1.0, 8.0, 9.0, -2.0, 1.0]"
2630,"[9.0, 5.0, 0.0, -2.0, -2.0, -2.0, -1.0, -1.0, 17.0, 6.0]"
2640,"[18.0, 0.0, -2.0, 6.0, 3.0, 15.0, 0.0, 1.0, -1.0, 1.0]"
2650,"[-1.0, 6.0, 11.0, -1.0, 2.0, -2.0, 3.0, 3.0, 14.0, 16.0]"
2660,"[8.0, 2.0, 5.0, 11.0, -1.0, -2.0, 11.0, 7.0, -1.0, -1.0]"
2670,"[1.0, -2.0, -1.0, -2.0, 3.0, 5.0, 28.0, 1.0, 7.0, 3.0]"
2680,"[2.0, -2.0, 1.0, -3.0, -1.0, 11.0, 1.0, -1.0, 31.0, 33.0]"
2690,"[11.0, 34.0, 3.0, 8.0, 16.0, 50.0, 5.0, 18.0, 35.0, -2.0]"
2700,"[-1.0, 14.0, 11.0, -1.0, -1.0, 18.0, 1.0, 16.0, 15.0, 4.0]"
2710,"[18.0, 33.0, -1.0, 16.0, 1.0, 12.0, 30.0, 13.0, 14.0, 14.0]"
2720,"[13.0, 0.0, 11.0, 10.0, 0.0, 8.0, 16.0, -1.0, 16.0, 9.0]"
2730,"[-2.0, 11.0, 20.0, -2.0, 8.0, -2.0, 24.0, -2.0, 1.0, 15.0]"
2740,"[14.0, -2.0, -1.0, 2.0, -1.0, -1.0, 50.0, -1.0, 37.0, 14.0]"
2750,"[0.0, -2.0, -2.0, -1.0, 10.0, 3.0, -2.0, 15.0, 8.0, 20.0]"
2760,"[0.0, 20.0, 21.0, 15.0, 14.0, 14.0, 0.0, -2.0, -2.0, -2.0]"
2770,"[0.0, -2.0, -2.0, 50.0, 3.0, -1.0, 10.0, 10.0, -2.0, -2.0]"
2780,"[12.0, 18.0, 13.0, 8.0, 16.0, -1.0, 19.0, -1.0, 0.0, -2.0]"
2790,"[3.0, 28.0, 10.0, -2.0, 13.0, 2.0, -2.0, 11.0, -3.0, 20.0]"
2800,"[22.0, 10.0, 1.0, 19.0, 20.0, 0.0, 15.0, 20.0, 16.0, 50.0]"
2810,"[3.0, 6.0, 1.0, 13.0, 3.0, 2.0, 2.0, 0.0, 20.0, 3.0]"
2820,"[3.0, 8.0, 22.0, 10.0, 25.0, -2.0, 8.0, 12.0, 7.0, 3.0]"
2830,"[19.0, -1.0, -1.0, 3.0, 12.0, 12.0, 38.0, 33.0, 30.0, 19.0]"
2840,"[50.0, -1.0, 50.0, 26.0, 7.0, 50.0, -3.0, 50.0, -1.0, -1.0]"
2850,"[0.0, 20.0, -1.0, 18.0, 0.0, 50.0, 19.0, 5.0, 1.0, 0.0]"
2860,"[-2.0, -1.0, 17.0, 20.0, 17.0, 24.0, 50.0, 2.0, 21.0, 50.0]"
2870,"[50.0, 50.0, -2.0, 14.0, 20.0, 10.0, 50.0, 50.0, -1.0, 30.0]"
2880,"[2.0, 19.0, 50.0, 50.0, -1.0, 15.0, 50.0, 39.0, 18.0, 26.0]"
2890,"[0.0, 0.0, 0.0, 1.0, -1.0, 5.0, 23.0, 1.0, 0.0, 0.0]"
2900,"[50.0, 37.0, 9.0, 50.0, -1.0, -2.0, 0.0, 3.0, 50.0, 22.0]"
2910,"[14.0, 29.0, 50.0, 18.0, 9.0, 12.0, 37.0, 50.0, 32.0, 34.0]"
2920,"[-1.0, 19.0, 25.0, 20.0, -2.0, 10.0, 24.0, -1.0, 50.0, 0.0]"
2930,"[14.0, 28.0, 11.0, 34.0, 16.0, 13.0, 9.0, 50.0, 12.0, 50.0]"
2940,"[26.0, -1.0, 2.0, 50.0, 7.0, 8.0, 50.0, -2.0, 50.0, 50.0]"
2950,"[50.0, 14.0, 10.0, -2.0, 50.0, 36.0, 22.0, 0.0, 50.0, 18.0]"
2960,"[-1.0, 38.0, 14.0, 8.0, 13.0, 50.0, 9.0, 13.0, 18.0, 50.0]"
2970,"[8.0, 2.0, 20.0, 50.0, 9.0, 0.0, 9.0, 14.0, 13.0, 50.0]"
2980,"[-1.0, 50.0, 12.0, -1.0, 13.0, 50.0, 25.0, 24.0, 0.0, -2.0]"
2990,"[20.0, 50.0, 50.0, 4.0, 50.0, 9.0, 8.0, 20.0, 39.0, 32.0]"
3000,"[-1.0, 50.0, 10.0, 14.0, 26.0, 8.0, 50.0, 14.0, -2.0, 50.0]"
3010,"[8.0, -3.0, -2.0, 50.0, -2.0, 25.0, 5.0, 22.0, 29.0, 19.0]"
3020,"[30.0, 0.0, 25.0, 16.0, 14.0, 10.0, 35.0, 13.0, 29.0, -3.0]"
3030,"[-1.0, -2.0, 11.0, 34.0, 13.0, 16.0, 50.0, 50.0, -1.0, 25.0]"
3040,"[30.0, -2.0, 37.0, 17.0, 8.0, -2.0, 23.0, 50.0, 6.0, 18.0]"
3050,"[13.0, 34.0, 19.0, 8.0, 12.0, 11.0, -2.0, 4.0, -1.0, 9.0]"
3060,"[13.0, -2.0, 10.0, 22.0, 11.0, 50.0, -1.0, 7.0, 11.0, 10.0]"
3070,"[-2.0, 3.0, 0.0, 26.0, 2.0, 10.0, 2.0, -1.0, -1.0, 15.0]"
3080,"[50.0, 38.0, 50.0, 50.0, 50.0, -1.0, 50.0, 3.0, -1.0, 50.0]"
3090,"[50.0, 50.0, 10.0, 50.0, 19.0, 18.0, 33.0, 50.0, 50.0, 36.0]"
3100,"[7.0, 32.0, 50.0, 50.0, 50.0, 50.0, 15.0, 21.0, 23.0, 2.0]"
3110,"[50.0, 29.0, 2.0, 50.0, 50.0, 24.0, 23.0, 50.0, 50.0, 50.0]"
3120,"[5.0, 16.0, -2.0, -1.0, 50.0, 50.0, 50.0, -1.0, 50.0, 15.0]"
3130,"[50.0, 38.0, 50.0, 11.0, 29.0, 50.0, 29.0, 50.0, 32.0, 50.0]"
3140,"[-1.0, 14.0, 12.0, 50.0, 20.0, 15.0, 50.0, 50.0, 13.0, 50.0]"
3150,"[18.0, 13.0, 50.0, -1.0, 50.0, 21.0, 25.0, 50.0, 50.0, 50.0]"
3160,"[11.0, 50.0, 50.0, 31.0, 50.0, 50.0, 50.0, 15.0, 50.0, 50.0]"
3170,"[17.0, -1.0, 29.0, 16.0, 50.0, 50.0, 50.0, 50.0, 9.0, 20.0]"
3180,"[10.0, 24.0, 25.0, 50.0, 50.0, 50.0, 38.0, 50.0, 17.0, 50.0]"
3190,"[17.0, 50.0, 50.0, 11.0, 3.0, 50.0, 50.0, 14.0, 0.0, 19.0]"
3200,"[24.0, 30.0, 32.0, 50.0, 32.0, 50.0, -1.0, 31.0, 4.0, 25.0]"
3210,"[-1.0, -2.0, 11.0, -1.0, -2.0, -2.0, 0.0, -2.0, -1.0, 11.0]"
3220,"[8.0, -2.0, 3.0, -1.0, 5.0, 15.0, -1.0, 8.0, 9.0, 5.0]"
3230,"[3.0, 0.0, 16.0, 7.0, 1.0, 9.0, 12.0, 15.0, 0.0, 10.0]"
3240,"[36.0, 15.0, 50.0, 28.0, 50.0, 20.0, 17.0, 18.0, 20.0, 35.0]"
3250,"[50.0, 1.0, 12.0, -3.0, 3.0, 24.0, 16.0, 37.0, 50.0, 3.0]"
3260,"[35.0, 50.0, 21.0, 50.0, 50.0, 50.0, 50.0, 25.0, 21.0, 19.0]"
3270,"[-1.0, 39.0, 13.0, 50.0, 31.0, 50.0, -1.0, 3.0, 22.0, 50.0]"
3280,"[17.0, 50.0, 17.0, 50.0, 15.0, 21.0, 14.0, 31.0, 5.0, 12.0]"
3290,"[36.0, 50.0, 38.0, 50.0, 50.0, 50.0, 50.0, 50.0, 37.0, 38.0]"
3300,"[38.0, 36.0, 50.0, 50.0, 50.0, 29.0, -1.0, 50.0, 15.0, 50.0]"
3310,"[50.0, -1.0, 29.0, 11.0, 50.0, 14.0, 50.0, -3.0, 50.0, 30.0]"
3320,"[32.0, 18.0, 12.0, 50.0, 30.0, 37.0, 50.0, 16.0, 14.0, 28.0]"
3330,"[50.0, -1.0, -2.0, 39.0, 50.0, 50.0, 34.0, -2.0, 50.0, 26.0]"
3340,"[35.0, 23.0, 50.0, 50.0, 50.0, 50.0, 50.0, 50.0, 15.0, 50.0]"
3350,"[30.0, 50.0, -2.0, 50.0, 50.0, 50.0, 39.0, 0.0, 22.0, 9.0]"
3360,"[-1.0, 35.0, 50.0, 50.0, 50.0, 3.0, 50.0, 14.0, 50.0, 50.0]"
3370,"[50.0, 50.0, 50.0, 31.0, 17.0, 15.0, 39.0, 50.0, 50.0, -1.0]"
3380,"[24.0, 50.0, 28.0, 50.0, 50.0, 13.0, 12.0, 50.0, 50.0, 50.0]"
3390,"[50.0, 50.0, 23.0, 30.0, 50.0, 27.0, 50.0, 25.0, 33.0, 50.0]"
3400,"[23.0, 50.0, 50.0, 50.0, 50.0, 23.0, 38.0, 14.0, 16.0, 29.0]"
3410,"[0.0, -2.0, 1.0, -2.0, 1.0, 0.0, 0.0, -2.0, -2.0, -2.0]"
3420,"[4.0, -2.0, 0.0, -2.0, -2.0, 0.0, 1.0, -2.0, 8.0, -1.0]"
3430,"[-1.0, -1.0, 8.0, 1.0, -1.0, -2.0, 1.0, -2.0, 5.0, 0.0]"
3440,"[-1.0, 1.0, -2.0, 4.0, -1.0, -1.0, -1.0, -1.0, -2.0, 0.0]"
3450,"[-1.0, -1.0, 0.0, 2.0, 13.0, 9.0, 7.0, 10.0, -2.0, 0.0]"
3460,"[2.0, -2.0, 0.0, 2.0, -2.0, 0.0, -3.0, -2.0, -2.0, -2.0]"
3470,"[3.0, 10.0, 12.0, 18.0, 0.0, 4.0, 8.0, 12.0, -1.0, 6.0]"
3480,"[6.0, 9.0, 13.0, 0.0, 10.0, -1.0, -2.0, 1.0, 7.0, 1.0]"
3490,"[-1.0, 0.0, 24.0, 7.0, 7.0, -2.0, 14.0, -2.0, 1.0, 1.0]"
3500,"[-3.0, -3.0, -1.0, 15.0, -2.0, -1.0, -3.0, 11.0, -2.0, 10.0]"
3510,"[-2.0, 12.0, -2.0, -1.0, -2.0, -2.0, -2.0, -3.0, -1.0, 6.0]"
3520,"[8.0, 9.0, 13.0, 1.0, 0.0, -1.0, -1.0, -1.0, -3.0, -2.0]"
3530,"[1.0, -2.0, -1.0, -1.0, 0.0, -1.0, -2.0, -1.0, -2.0, -2.0]"
3540,"[-2.0, -3.0, 12.0, -2.0, -3.0, -2.0, 0.0, -2.0, 0.0, 0.0]"
3550,"[-2.0, -1.0, 18.0, 17.0, -2.0, -2.0, -3.0, 6.0, 0.0, 0.0]"
3560,"[-2.0, 13.0, 0.0, 10.0, -3.0, -1.0, -2.0, -2.0, -2.0, -1.0]"
3570,"[10.0, -2.0, 0.0, 11.0, -1.0, -2.0, -3.0, 5.0, 14.0, -3.0]"
3580,"[-3.0, 10.0, 3.0, -2.0, 10.0, -2.0, -1.0, -2.0, 0.0, -1.0]"
3590,"[10.0, 1.0, -2.0, -2.0, -1.0, 0.0, -1.0, -3.0, -2.0, -2.0]"
3600,"[-2.0, -3.0, 2.0, -3.0, -2.0, -3.0, -1.0, -1.0, -2.0, -2.0]"
3610,"[13.0, 13.0, 1.0, 8.0, 0.0, -1.0, 16.0, 18.0, 0.0, 1.0]"
3620,"[10.0, 0.0, -2.0, 0.0, 0.0, 1.0, 0.0, 0.0, -2.0, 3.0]"
3630,"[10.0, 2.0, 4.0, -1.0, 1.0, 3.0, 2.0, 0.0, 6.0, 9.0]"
3640,"[6.0, 5.0, 2.0, 3.0, 3.0, 0.0, 21.0, 2.0, 1.0, 11.0]"
3650,"[-1.0, -3.0, 13.0, 0.0, 17.0, 5.0, 0.0, 14.0, 0.0, 3.0]"
3660,"[17.0, 3.0, 5.0, 10.0, 0.0, 1.0, 4.0, 7.0, 4.0, 8.0]"
3670,"[11.0, 14.0, 14.0, -1.0, -1.0, 20.0, 3.0, 0.0, -2.0, 25.0]"
3680,"[50.0, 50.0, 50.0, 34.0, 50.0, 23.0, 0.0, 50.0, 50.0, 50.0]"
3690,"[50.0, 15.0, 22.0, 50.0, 50.0, -2.0, 50.0, 50.0, 50.0, 38.0]"
3700,"[16.0, 28.0, 50.0, 18.0, -2.0, 31.0, 38.0, 50.0, 50.0, -3.0]"
3710,"[50.0, -3.0, 18.0, 50.0, 50.0, 33.0, 13.0, -2.0, -2.0, 50.0]"
3720,"[14.0, 50.0, 50.0, 50.0, 50.0, 50.0, 20.0, 50.0, 30.0, 50.0]"
3730,"[13.0, 50.0, 50.0, 50.0, 50.0, 16.0, 32.0, 22.0, 22.0, 23.0]"
3740,"[50.0, 50.0, 50.0, 50.0, 24.0, 24.0, 17.0, 50.0, 50.0, 1.0]"
3750,"[50.0, 11.0, 50.0, 50.0, 12.0, 28.0, 13.0, 50.0, 38.0, 50.0]"
3760,"[50.0, 50.0, 50.0, 18.0, 50.0, 50.0, 50.0, -1.0, 50.0, 50.0]"
3770,"[0.0, 19.0, 50.0, 19.0, -1.0, 50.0, 50.0, 50.0, 1.0, 14.0]"
3780,"[38.0, 50.0, 2.0, 23.0, 39.0, 29.0, 50.0, 11.0, 21.0, 50.0]"
3790,"[16.0, 15.0, 6.0, 26.0, -3.0, 15.0, 38.0, 18.0, 33.0, 50.0]"
3800,"[15.0, 10.0, 50.0, 31.0, -2.0, 50.0, 17.0, 50.0, 50.0, 50.0]"
3810,"[-1.0, 50.0, 27.0, 3.0, 18.0, 50.0, 39.0, 50.0, 0.0, 50.0]"
3820,"[13.0, 16.0, 15.0, 50.0, 50.0, -2.0, 33.0, -1.0, 50.0, 50.0]"
3830,"[1.0, 5.0, 23.0, -1.0, 29.0, 11.0, -2.0, 12.0, 36.0, 26.0]"
3840,"[18.0, 50.0, 0.0, 50.0, 50.0, 27.0, 50.0, 5.0, 14.0, 18.0]"
3850,"[16.0, 0.0, 34.0, 50.0, 6.0, 13.0, 50.0, 14.0, 32.0, 24.0]"
3860,"[0.0, 50.0, 0.0, 14.0, 11.0, 1.0, 0.0, 14.0, -1.0, 21.0]"
3870,"[10.0, 1.0, 14.0, 12.0, 37.0, 22.0, 23.0, 32.0, 12.0, 50.0]"
3880,"[28.0, 50.0, 22.0, -2.0, 37.0, 1.0, 50.0, 0.0, 25.0, 50.0]"
3890,"[37.0, 12.0, 50.0, 35.0, 50.0, 50.0, 14.0, 50.0, 28.0, 33.0]"
3900,"[27.0, 29.0, 23.0, 50.0, 50.0, 50.0, 15.0, 50.0, 5.0, 19.0]"
3910,"[50.0, 19.0, 50.0, 50.0, 50.0, 37.0, 26.0, 17.0, 50.0, 50.0]"
3920,"[50.0, 50.0, 39.0, -2.0, 50.0, 17.0, 50.0, 27.0, 39.0, 11.0]"
3930,"[24.0, 50.0, 34.0, 50.0, 27.0, 9.0, 50.0, 38.0, 50.0, 13.0]"
3940,"[50.0, 50.0, 50.0, 50.0, 50.0, 7.0, 21.0, 30.0, 50.0, 50.0]"
3950,"[50.0, 50.0, 27.0, 50.0, 50.0, 8.0, 50.0, 50.0, 50.0, 50.0]"
3960,"[50.0, 50.0, 12.0, 24.0, 14.0, 31.0, 29.0, 28.0, 50.0, 50.0]"
3970,"[11.0, 50.0, 37.0, 50.0, 14.0, 50.0, 50.0, 50.0, 50.0, 50.0]"
3980,"[50.0, 22.0, 50.0, 24.0, 50.0, 27.0, 30.0, 38.0, 36.0, 50.0]"
3990,"[50.0, 50.0, 50.0, 50.0, 16.0, 33.0, 50.0, 50.0, 19.0, 50.0]"
4000,"[50.0, 50.0, 50.0, 50.0, 50.0, 50.0, 50.0, 50.0, 50.0, 29.0]"
4010,"[7.0, 15.0, 4.0, -2.0, 4.0, 5.0, 21.0, 13.0, 15.0, 33.0]"
4020,"[14.0, 50.0, 28.0, -1.0, 5.0, 1.0, 23.0, 7.0, 17.0, 14.0]"
4030,"[50.0, 13.0, 3.0, 13.0, -2.0, 50.0, 37.0, 16.0, 50.0, 11.0]"
4040,"[15.0, -1.0, 6.0, 37.0, 16.0, 50.0, 50.0, 12.0, 13.0, -2.0]"
4050,"[19.0, 18.0, 50.0, -2.0, 50.0, 23.0, 50.0, 22.0, 50.0, 12.0]"
4060,"[50.0, 8.0, 32.0, 29.0, 50.0, 23.0, 13.0, 0.0, 50.0, 50.0]"
4070,"[50.0, 38.0, 11.0, 17.0, 1.0, 16.0, 11.0, 25.0, -1.0, 29.0]"
4080,"[3.0, 10.0, 14.0, 18.0, 9.0, 0.0, 12.0, 12.0, 15.0, 11.0]"
4090,"[5.0, 23.0, 12.0, -1.0, 3.0, 14.0, 16.0, 3.0, 15.0, 3.0]"
4100,"[19.0, 6.0, 32.0, 12.0, 23.0, 17.0, -1.0, 0.0, 16.0, 31.0]"
4110,"[18.0, -1.0, 36.0, 4.0, -2.0, 50.0, 50.0, 25.0, -2.0, 50.0]"
4120,"[21.0, 12.0, 50.0, 38.0, -1.0, 50.0, 36.0, 30.0, 18.0, 32.0]"
4130,"[0.0, 50.0, 20.0, 50.0, 27.0, 33.0, 30.0, -1.0, 17.0, 31.0]"
4140,"[0.0, 33.0, 17.0, 11.0, -1.0, 18.0, 50.0, 14.0, 30.0, 10.0]"
4150,"[-2.0, 1.0, 7.0, 24.0, 17.0, 15.0, 27.0, 35.0, 24.0, 12.0]"
4160,"[19.0, 7.0, 24.0, 12.0, 37.0, 17.0, 24.0, 10.0, 9.0, 50.0]"
4170,"[30.0, 50.0, 7.0, 16.0, 12.0, 1.0, 29.0, 13.0, 39.0, 38.0]"
4180,"[16.0, 24.0, 50.0, 50.0, 22.0, 17.0, 20.0, 50.0, 14.0, 50.0]"
4190,"[50.0, 25.0, 15.0, 50.0, 20.0, 50.0, 33.0, 24.0, 13.0, -1.0]"
4200,"[4.0, 1.0, 13.0, 50.0, 20.0, 14.0, 50.0, 14.0, -2.0, 25.0]"
4210,"[-1.0, 0.0, 3.0, 5.0, 11.0, 14.0, -1.0, 13.0, 15.0, 50.0]"
4220,"[-2.0, 2.0, 7.0, 15.0, 18.0, -2.0, 0.0, 1.0, 5.0, 14.0]"
4230,"[0.0, 50.0, 8.0, 20.0, 50.0, 50.0, 50.0, 50.0, 50.0, 24.0]"
4240,"[36.0, -1.0, 20.0, 50.0, 15.0, 33.0, 37.0, 2.0, 50.0, 50.0]"
4250,"[12.0, 24.0, 14.0, 50.0, 31.0, 34.0, 17.0, 26.0, 50.0, 31.0]"
4260,"[50.0, 6.0, 30.0, 50.0, 38.0, 32.0, 50.0, 50.0, 16.0, 23.0]"
4270,"[14.0, 50.0, 32.0, 14.0, 24.0, 15.0, 16.0, 50.0, 30.0, 50.0]"
4280,"[50.0, 50.0, 50.0, 50.0, 50.0, 50.0, 50.0, 50.0, 50.0, 50.0]"
4290,"[39.0, 50.0, 50.0, 50.0, 14.0, 50.0, 50.0, 36.0, 15.0, 50.0]"
4300,"[-1.0, 36.0, 50.0, 50.0, 50.0, 50.0, 31.0, 14.0, 50.0, 50.0]"
4310,"[19.0, 50.0, 50.0, 50.0, 50.0, 50.0, 16.0, 14.0, 50.0, 50.0]"
4320,"[50.0, 26.0, 36.0, 50.0, 50.0, 8.0, 50.0, 50.0, -1.0, 50.0]"
4330,"[50.0, 19.0, 50.0, 30.0, 50.0, 50.0, 24.0, 50.0, 50.0, 13.0]"
4340,"[50.0, 50.0, 50.0, 50.0, 8.0, 50.0, 50.0, 50.0, 32.0, 50.0]"
4350,"[50.0, 50.0, 50.0, 50.0, 50.0, 50.0, 50.0, 0.0, 50.0, 50.0]"
4360,"[50.0, 50.0, 30.0, 50.0, 50.0, 50.0, 50.0, 50.0, 50.0, 50.0]"
4370,"[50.0, 50.0, 50.0, 14.0, 50.0, 50.0, 30.0, 50.0, 50.0, 50.0]"
4380,"[14.0, 50.0, 14.0, 24.0, 50.0, 50.0, 50.0, 50.0, 50.0, 50.0]"
4390,"[50.0, -2.0, 30.0, 50.0, 50.0, 30.0, 50.0, 50.0, 50.0, 50.0]"
4400,"[31.0, 50.0, 50.0, 50.0, 50.0, 14.0, 50.0, 50.0, 50.0, 50.0]"
4410,"[32.0, 11.0, 0.0, 1.0, 18.0, 1.0, 2.0, 32.0, 1.0, 14.0]"
4420,"[-1.0, 0.0, 36.0, -2.0, 16.0, 13.0, -2.0, -2.0, 12.0, 16.0]"
4430,"[1.0, 27.0, 50.0, 50.0, 50.0, 50.0, 50.0, 50.0, -1.0, 36.0]"
4440,"[35.0, 50.0, 50.0, 16.0, 50.0, 50.0, 50.0, 34.0, 50.0, 50.0]"
4450,"[50.0, 50.0, 22.0, 50.0, 50.0, 17.0, 50.0, 50.0, 36.0, 19.0]"
4460,"[50.0, 50.0, 33.0, 50.0, 17.0, 50.0, 50.0, 16.0, 22.0, 50.0]"
4470,"[5.0, 13.0, 0.0, -1.0, 15.0, -2.0, 21.0, -2.0, 14.0, 21.0]"
4480,"[17.0, 19.0, 36.0, 14.0, 2.0, 3.0, 50.0, 20.0, 16.0, 30.0]"
4490,"[50.0, 50.0, 0.0, 29.0, 50.0, 50.0, 50.0, 12.0, 33.0, 50.0]"
4500,"[50.0, 50.0, 34.0, 50.0, 17.0, 38.0, 50.0, 50.0, 50.0, -1.0]"
4510,"[50.0, 50.0, 50.0, 50.0, -1.0, 31.0, 50.0, 35.0, 25.0, 50.0]"
4520,"[30.0, 12.0, 50.0, 30.0, 50.0, -3.0, 18.0, -2.0, 50.0, 50.0]"
4530,"[50.0, 39.0, 19.0, 34.0, 1.0, 29.0, 15.0, 50.0, 16.0, 21.0]"
4540,"[34.0, 50.0, 27.0, -3.0, 37.0, -2.0, 50.0, 50.0, 50.0, 50.0]"
4550,"[50.0, 31.0, 16.0, 50.0, 50.0, 34.0, 2.0, 19.0, 23.0, 18.0]"
4560,"[17.0, 50.0, 50.0, 19.0, 24.0, 50.0, 50.0, 17.0, 50.0, 50.0]"
4570,"[14.0, 50.0, 17.0, 50.0, 15.0, 15.0, 50.0, 50.0, 35.0, 50.0]"
4580,"[50.0, 18.0, 50.0, 50.0, 22.0, 36.0, 28.0, 13.0, 50.0, 50.0]"
4590,"[50.0, 50.0, 17.0, 50.0, 1.0, 15.0, -2.0, 18.0, 25.0, 50.0]"
4600,"[34.0, 31.0, 50.0, 50.0, 22.0, 50.0, 50.0, 18.0, 36.0, 29.0]"
4610,"[50.0, 20.0, 50.0, 50.0, 50.0, 31.0, 0.0, 50.0, 15.0, 13.0]"
4620,"[24.0, 50.0, 37.0, 10.0, 1.0, 17.0, 18.0, 2.0, 50.0, 50.0]"
4630,"[13.0, 19.0, -2.0, 13.0, 50.0, 12.0, 10.0, 12.0, 1.0, 3.0]"
4640,"[12.0, 50.0, 25.0, 30.0, 36.0, 1.0, 50.0, 50.0, 50.0, -1.0]"
4650,"[12.0, 0.0, 8.0, 15.0, 13.0, 15.0, 1.0, 11.0, 16.0, 3.0]"
4660,"[50.0, 50.0, 50.0, 50.0, 50.0, 50.0, 39.0, 29.0, 17.0, 50.0]"
4670,"[50.0, 50.0, 24.0, 9.0, 50.0, 50.0, 50.0, 50.0, 50.0, 50.0]"
4680,"[21.0, 22.0, 19.0, 50.0, 50.0, 50.0, 37.0, 32.0, 50.0, 50.0]"
4690,"[50.0, 35.0, 37.0, 14.0, 50.0, 0.0, 14.0, 26.0, 50.0, 50.0]"
4700,"[35.0, -1.0, 50.0, 50.0, 50.0, 39.0, 50.0, 19.0, 50.0, 16.0]"
4710,"[23.0, -3.0, 22.0, 14.0, 29.0, 50.0, 50.0, 50.0, 16.0, 19.0]"
4720,"[50.0, 50.0, 30.0, 50.0, 50.0, 50.0, 50.0, 16.0, 50.0, 15.0]"
4730,"[50.0, 35.0, 13.0, 50.0, 50.0, 50.0, 34.0, 1.0, 50.0, 33.0]"
4740,"[50.0, 50.0, 26.0, 0.0, 39.0, 21.0, 50.0, 37.0, 34.0, 36.0]"
4750,"[30.0, 29.0, 15.0, 36.0, 19.0, 50.0, 50.0, 28.0, 50.0, 32.0]"
4760,"[50.0, 28.0, 50.0, 20.0, 6.0, 50.0, 29.0, 17.0, 38.0, 50.0]"
4770,"[50.0, 27.0, 50.0, 33.0, 18.0, 2.0, 15.0, 12.0, 37.0, 37.0]"
4780,"[28.0, 50.0, 50.0, 50.0, 50.0, 29.0, 50.0, 50.0, 50.0, 50.0]"
4790,"[50.0, 50.0, 50.0, -1.0, 50.0, 19.0, 50.0, 35.0, 18.0, 24.0]"
4800,"[50.0, 26.0, 19.0, 32.0, 50.0, 22.0, 25.0, 50.0, 50.0, 50.0]"
4810,"[3.0, 6.0, 7.0, 0.0, 0.0, 8.0, 14.0, -1.0, -3.0, 50.0]"
4820,"[-2.0, 3.0, 3.0, 6.0, 23.0, 1.0, 3.0, 6.0, 16.0, 12.0]"
4830,"[0.0, 11.0, 5.0, 4.0, 12.0, -1.0, 15.0, 4.0, 5.0, 12.0]"
4840,"[50.0, 34.0, 50.0, 2.0, 24.0, 34.0, 28.0, 50.0, 50.0, 50.0]"
4850,"[15.0, 50.0, 15.0, 15.0, 15.0, 50.0, 50.0, 24.0, 25.0, 50.0]"
4860,"[32.0, 20.0, 21.0, -1.0, 50.0, 50.0, 23.0, 14.0, 50.0, 50.0]"
4870,"[13.0, 21.0, 23.0, 50.0, 28.0, 25.0, 21.0, 50.0, 34.0, 50.0]"
4880,"[50.0, 39.0, 18.0, 50.0, 50.0, 23.0, 50.0, 8.0, 17.0, 39.0]"
4890,"[14.0, 50.0, 28.0, 19.0, 34.0, 50.0, 50.0, 26.0, 50.0, 50.0]"
4900,"[18.0, 50.0, 50.0, 50.0, 50.0, 35.0, 50.0, 32.0, -2.0, 35.0]"
4910,"[23.0, 50.0, 17.0, 50.0, 23.0, 18.0, 21.0, 6.0, 50.0, 50.0]"
4920,"[50.0, 50.0, 20.0, 50.0, 33.0, 50.0, 29.0, 20.0, 37.0, 50.0]"
4930,"[39.0, 33.0, 50.0, 16.0, 50.0, 50.0, 25.0, 30.0, 50.0, 50.0]"
4940,"[15.0, 50.0, 28.0, 33.0, 36.0, 10.0, 19.0, 22.0, 50.0, 22.0]"
4950,"[32.0, 25.0, 32.0, 26.0, 50.0, 24.0, 19.0, 25.0, 22.0, 50.0]"
4960,"[19.0, 50.0, 50.0, 27.0, -1.0, 36.0, 50.0, 50.0, 50.0, 14.0]"
4970,"[18.0, 9.0, 50.0, 26.0, 50.0, 50.0, 50.0, 50.0, 50.0, 35.0]"
4980,"[8.0, 14.0, 30.0, 14.0, 24.0, 13.0, 13.0, 17.0, 50.0, 50.0]"
4990,"[50.0, 18.0, 39.0, 50.0, 50.0, 50.0, 24.0, 19.0, 37.0, 50.0]"
5000,"[21.0, 25.0, 50.0, 29.0, 13.0, 20.0, 50.0, 33.0, 50.0, 50.0]"
